Resume,Category
"Experienced Python developer skilled in data science and ML","Data Science"
"Creative designer with Adobe and UI/UX background","Design"
"Financial analyst with expertise in Excel and forecasting","Finance"
"Backend engineer experienced with APIs and cloud infrastructure","Software"
"Research scientist specializing in deep learning models","AI"
"Full-stack developer with React and Node.js experience","Software"
"Data analyst with Python, SQL, and Power BI expertise","Data Science"
"Product manager with experience in agile and team leadership","Product"
"Marketing specialist with SEO and Google Ads knowledge","Marketing"
"Cybersecurity expert with penetration testing experience","Security"
"AI engineer with TensorFlow and NLP experience","AI"
"Frontend developer skilled in Vue.js and UI design","Software"
"Cloud architect with AWS and DevOps experience","Cloud"
"UX designer focusing on accessibility and usability","Design"
"Machine learning researcher with experience in model tuning","AI"